date,time_local,depth_in,how,note
2026-09-15,14:05,0,estimated,"guessed; he arrived about 2:10 and thought it had covered shortly before"
2026-09-15,14:15,7,tape,
2026-09-15,14:18,8,tape,
2026-09-15,14:23,9,tape,
2026-09-15,14:31,10,tape,
2026-09-15,14:41,12,tape,
2026-09-15,14:49,13.5,tape,
2026-09-15,15:00,13.5,tape,
2026-09-15,15:20,13,tape,
2026-09-15,15:35,11,tape,
2026-09-15,16:10,0,estimated,"guessed; he left about 4:00 with the water going down slowly"
2026-09-16,14:54,3,tape,"from the site report form (Noel, sent 3:32pm); site forecast at that moment ~1 in; Boston-gauge estimate ~1.6 in"
2026-09-29,12:07,5,estimated,"from the site report form (Noel, sent 12:08pm); site forecast at that moment ~5 in; Boston-gauge estimate ~6 in; water rising ~5 in per 10 min"
2026-09-29,15:38,1,estimated,"photo at the road (IMG_7132); road basically clear, a ~1 in puddle at the low spot that may have been left behind; Boston-gauge estimate ~5.5 in; site had it clearing 3:49pm, tide chart + 9.5 ft rule 3:38pm"
2026-09-30,12:44,0,photo,"IMG_7158 at 12:44:48; road not covered at all, water just short of the pavement. Boston-gauge estimate (unshifted curve) 0 in"
2026-09-30,12:46,,photo,"IMG_7162 at 12:46:37; starting to puddle on the left side leaving the island, about 40% across, not continuous"
2026-09-30,12:47,,photo,"IMG_7164 at 12:47:57; more than half covered, lightly, still not continuous"
2026-09-30,12:48,2,measured,"rising; gauge estimate 2.0 in"
2026-09-30,12:50,3,measured,"gauge estimate 3.0 in"
2026-09-30,12:51,,photo,"IMG_7165 at 12:51:02; water continuous from one side to the other"
2026-09-30,12:52,4,measured,"gauge estimate 3.9 in"
2026-09-30,12:53,4.5,measured,"gauge estimate 4.4 in"
2026-09-30,12:54,5,measured,"gauge estimate 4.9 in"
2026-09-30,12:56,6,measured,"gauge estimate 5.8 in"
2026-09-30,12:57,6.5,measured,"gauge estimate 6.2 in"
2026-09-30,12:58,7,measured,"gauge estimate 6.7 in"
2026-09-30,15:54,,photo,"IMG_7180 at 15:54:28; falling tide, road fully covered, continuous sheet"
2026-09-30,16:00,5.75,measured,"falling; photo IMG_7182 at 16:00:08 still fully covered; readings before 4:07 not timed to the exact minute"
2026-09-30,16:01,5.5,measured,
2026-09-30,16:02,5,measured,
2026-09-30,16:04,4.5,measured,
2026-09-30,16:05,4,measured,
2026-09-30,16:07,3.5,measured,"from here readings taken exactly as the clock turned; unshifted curve says 9.0 in, i.e. the water is 14 min ahead of it"
2026-09-30,16:08,3,measured,
2026-09-30,16:09,2.5,measured,"photo IMG_7183 at 16:09:28: sheet breaking on the right side (leaving the island), one strip still across; first time she looked up from measuring, so it had likely started before this"
2026-09-30,16:10,2,measured,"photo IMG_7184 at 16:10:26: most of the right side clear"
2026-09-30,16:11,1.5,measured,"approximate"
2026-09-30,16:12,1.2,measured,"a bit above 1 in; photo IMG_7185 at 16:12:35 still connected road to edge on both sides"
2026-09-30,16:14,0.5,measured,"hard to read this low, more puddle than sheet; photos IMG_7188/7191 at 16:14:31/42: left (deepest) side no longer clearly connected to the marsh"
2026-09-30,16:15,0,photo,"IMG_7193/7196 at 16:15:04/47: not fully connected on either side; low spot effectively dry. Unshifted curve said 16:29"
2026-09-30,16:17,0,photo,"IMG_7199 at 16:17:32: crown dry, puddles either side"
